Country Name,Country Code,Series Name,Series Code,1999,2000,2001,2002,2003,2004,2005,2006,2007,2008,2009,2010,2011,2012,2013,2014,2015,2016,2017,2018,2019,2020,2021,2022
Albania,ALB,Trade (% of GDP),NE.TRD.GNFS.ZS,51.01103036,63.45407313,66.49102403,68.52506822,67.02056104,67.04718731,70.87234678,74.26709024,83.20208011,77.4517515,75.0949144,76.54339024,81.21856893,76.51020062,75.87371385,75.4078456,71.80100634,74.80986282,78.19424953,76.80818413,76.27919465,59.82972943,76.01798211,85.14968052
Algeria,DZA,Trade (% of GDP),NE.TRD.GNFS.ZS,50.92910934,62.85834364,58.70616423,61.13417145,62.12477303,65.70142185,71.27860096,70.73001244,71.93812904,76.68451817,71.32433055,69.86666126,67.47430173,65.4049792,63.61082367,62.41431601,59.6951286,55.92566788,55.32140302,58.0655601,51.80973844,45.33065612,53.19552703,59.04228424
American Samoa,ASM,Trade (% of GDP),NE.TRD.GNFS.ZS,0,0,0,210.9375,207.4427481,202.3575639,223.2,229.8174442,218.1467181,249.8214286,161.3333333,157.9406632,157.5438596,176.40625,173.8244514,174.8055988,162.4071322,159.1654247,161.4379085,171.8309859,156.568779,154.368932,136.8,124.684271
Angola,AGO,Trade (% of GDP),NE.TRD.GNFS.ZS,0,0,0,105.3017426,103.9012296,103.5799471,106.5909621,94.62515933,108.0600679,121.3647085,122.4461441,104.1236353,99.98250633,91.80009734,86.81193276,79.33292278,62.88851609,53.37015807,52.25682223,66.37801333,57.82953812,65.94202893,74.46449859,68.17010045
Argentina,ARG,Trade (% of GDP),NE.TRD.GNFS.ZS,21.38274496,22.62244478,21.85225545,41.75272436,40.64474803,40.69264611,40.55127097,40.43347987,40.94517062,40.40267338,34.05712691,34.97101326,35.206155,30.52654237,29.333929,28.40679365,22.48622609,26.09388785,25.28960114,30.76253595,32.63061505,30.20369881,32.93002425,31.65051398
Armenia,ARM,Trade (% of GDP),NE.TRD.GNFS.ZS,70.56047914,72.23333023,69.86426639,73.98450184,80.0513676,73.07063399,70.13973858,61.03013798,56.97504709,54.54232796,57.27423574,64.64297597,69.43557366,75.96167596,77.55504816,75.77886696,71.68207434,76.07796746,87.20237654,92.47310702,96.11415413,69.48880754,79.66988882,101.0064924
Aruba,ABW,Trade (% of GDP),NE.TRD.GNFS.ZS,164.5590143,145.0728795,140.3911086,133.2307714,132.7942913,132.4309298,145.0502801,141.0426267,139.9723095,139.1101498,137.5565759,135.4646547,154.4377869,156.6451972,161.8912803,162.8820521,145.8336633,142.2397634,143.8042955,145.2135524,145.3435727,124.1623751,139.9000872,160.4592566
Australia,AUS,Trade (% of GDP),NE.TRD.GNFS.ZS,39.02979542,40.93521098,44.2187045,41.4490922,40.20156691,37.00961359,39.16074697,41.55944717,42.00802003,42.8467764,45.74086303,40.51063301,41.83735112,43.14902469,41.25019106,42.4430282,41.59428041,40.79464187,41.94220912,43.34707849,45.74896336,44.14304559,39.70236024,45.13674444
Austria,AUT,Trade (% of GDP),NE.TRD.GNFS.ZS,78.26014034,85.36049562,87.53666476,86.948168,86.38738242,90.79234569,94.03380568,98.08831121,100.7332541,102.0736827,87.06223097,99.01979624,105.1027886,105.1521774,104.0664141,103.5035353,102.4273154,100.9820783,104.9388449,107.9236395,107.8925146,99.70829518,110.9849581,123.6854387
Azerbaijan,AZE,Trade (% of GDP),NE.TRD.GNFS.ZS,69.82596488,78.54856828,78.81518549,92.81814433,107.5519485,121.5071159,115.8418846,105.2623998,96.64180815,89.24289686,74.74404168,74.98598846,80.50804501,78.26306954,74.67584476,69.4832252,72.60150791,90.07731873,90.40231568,91.67257654,85.81814541,72.01786765,76.28686569,87.07775332
"Bahamas, The",BHS,Trade (% of GDP),NE.TRD.GNFS.ZS,75.70273833,79.64494389,72.50088064,70.27798171,71.06354051,76.00198337,81.39627092,87.5507143,88.01281556,87.42922288,76.52104396,78.67560243,88.33368916,84.25152047,86.84045981,85.17968437,73.48473815,70.72029138,72.47806749,76.17278877,72.39924342,59.03676214,67.75824977,80.19678385
Bahrain,BHR,Trade (% of GDP),NE.TRD.GNFS.ZS,141.8316988,135.8091353,127.0262663,131.1336342,128.0915822,140.73731,148.3135251,147.1041811,137.7850506,145.8825111,117.9637254,120.4723945,174.155268,185.8846506,191.8725541,175.5678369,154.931375,139.6205555,143.0866673,150.8060546,141.700835,140.2180124,159.8729805,0
Bangladesh,BGD,Trade (% of GDP),NE.TRD.GNFS.ZS,28.38794056,29.32171436,32.09801707,28.96738072,27.6578849,26.85823415,34.39693486,38.11192443,39.94238265,42.62091403,40.09279622,37.80284267,47.42084984,48.11092275,46.29640272,44.5140802,42.08599631,31.33415013,29.99972938,32.51463542,31.57805128,26.27144738,27.7240047,33.77996727
Barbados,BRB,Trade (% of GDP),NE.TRD.GNFS.ZS,88.19100556,90.5785259,86.36274349,83.47175278,90.09191463,92.04674118,97.61618013,96.5168526,91.14356012,94.53738049,88.46041877,86.89957296,86.61627008,87.15497903,92.0350866,89.54881468,87.17046895,78.47541965,76.28247501,81.03908811,80.85506731,65.29923187,70.18342102,78.34805568
Belarus,BLR,Trade (% of GDP),NE.TRD.GNFS.ZS,120.8351178,141.609166,137.0449305,131.0020583,134.1418523,142.1365104,118.8843517,124.2951039,128.153878,129.5994785,108.6356448,115.917973,157.9742551,153.0852693,119.8159652,110.6516586,115.9136915,125.2093229,133.368007,139.3933944,130.8501321,118.9338837,136.0144506,121.5828691
Belgium,BEL,Trade (% of GDP),NE.TRD.GNFS.ZS,125.1699905,142.2301351,139.5768398,136.0851495,132.7155528,136.9184053,144.5290507,149.5675093,152.4684469,161.0884478,135.4060405,149.9976731,161.4937237,160.7460302,157.850845,158.7832159,154.1925465,157.665026,165.3258363,166.4947871,164.1662151,155.2634338,174.0840857,193.0921589
Belize,BLZ,Trade (% of GDP),NE.TRD.GNFS.ZS,93.5850282,96.88969989,93.47481649,93.36863061,94.71776019,86.75263903,93.38684209,99.27153769,96.34949688,105.8596287,89.92927337,95.39914617,107.6641253,112.1955197,109.3947139,107.7736329,103.9944185,96.45726006,97.67981714,100.6865128,102.2013035,81.62547245,99.14700333,107.9506843
Benin,BEN,Trade (% of GDP),NE.TRD.GNFS.ZS,54.39178915,47.3481515,48.25717064,43.76842254,41.61623056,39.90297434,39.09593119,39.77469871,49.11378415,47.77535927,44.70262906,51.43085995,47.21702881,50.73673678,59.20019183,65.26827494,56.75631318,58.98692834,61.47659696,61.79519449,63.68133231,44.83323338,48.05486083,50.93352007
Bermuda,BMU,Trade (% of GDP),NE.TRD.GNFS.ZS,0,0,0,0,0,0,0,0,0,0,0,74.59508034,76.27043681,73.78230306,76.2701067,76.51674746,73.29549852,72.74990938,72.39242845,77.55527038,77.56010165,69.19588038,74.08940397,78.3328916
Bhutan,BTN,Trade (% of GDP),NE.TRD.GNFS.ZS,85.86620598,80.35345515,76.42748593,75.47709853,78.63080373,95.94431022,105.5242322,116.5497824,114.9338032,109.4032625,109.569558,115.9244961,114.4008334,104.1868418,105.1993064,96.32561437,97.88095484,83.40888503,76.78839774,79.739721,76.12351742,71.83035576,77.58245145,0
Bolivia,BOL,Trade (% of GDP),NE.TRD.GNFS.ZS,44.16825649,45.59777502,45.22782243,49.35026037,51.96783644,57.46426609,67.64194136,74.53784843,76.06191145,82.8670209,68.62707391,75.51162625,82.48039542,84.94876117,81.23090753,85.26446956,67.93284519,56.4010345,56.70465276,57.10996461,56.39730673,45.50326262,59.02139656,67.75589878
Bosnia and Herzegovina,BIH,Trade (% of GDP),NE.TRD.GNFS.ZS,121.8205416,85.35774313,86.03573266,78.72747949,80.56945726,81.81268362,84.35546282,79.82994778,83.55185889,86.16287984,73.74749423,80.96821596,87.83634771,88.14510886,87.93124131,90.55228069,88.29198984,88.24403517,96.64587914,98.4320912,94.51612789,82.11126526,96.06508726,110.2829161
Botswana,BWA,Trade (% of GDP),NE.TRD.GNFS.ZS,98.9290812,91.92472969,87.52506557,91.83577406,85.83404252,90.99782289,88.50535206,86.61243391,98.49652494,99.00822201,88.48078863,94.63900209,98.96146778,111.8752806,125.7830399,119.4975418,112.900891,100.4646898,81.92395138,87.45510399,83.09298136,77.66321281,88.82087794,85.46706163
Brazil,BRA,Trade (% of GDP),NE.TRD.GNFS.ZS,20.98216648,22.63976136,26.93628502,27.6183574,28.14038472,29.67825248,27.08679521,26.04169989,25.29261137,27.25756942,22.1059756,22.77217811,23.93440518,25.11427361,25.78595733,24.68540582,26.95362594,24.53368208,24.31973437,28.87620337,28.89025787,32.30207854,38.18142864,39.33999137
Brunei Darussalam,BRN,Trade (% of GDP),NE.TRD.GNFS.ZS,104.2195716,103.1716255,108.7188707,108.7479691,105.2584676,100.5895707,97.45761662,96.94114936,95.75046726,105.9138441,108.5726365,95.36894596,99.53654036,105.641024,110.9368788,102.4209688,89.89379008,87.31826708,85.17674905,93.8978591,108.5096584,110.2910037,147.1231124,146.9739659
Bulgaria,BGR,Trade (% of GDP),NE.TRD.GNFS.ZS,90.07496166,77.74570416,79.08136875,75.26961101,79.01388537,93.06389796,99.71421121,111.0474628,123.5325577,124.6887475,92.6926456,103.3805223,117.4181039,123.9713227,129.688683,130.2679914,126.7355247,122.8538796,129.7397435,128.9016126,124.6887012,110.3285937,120.9746534,138.1828294
Burkina Faso,BFA,Trade (% of GDP),NE.TRD.GNFS.ZS,35.25481578,35.12294197,31.65817081,31.31252285,30.36823641,35.4809436,34.17216977,35.10654236,33.77971729,35.38531698,40.29598367,49.07323854,57.4972531,61.23860798,64.0358513,58.82356249,59.08918131,57.8931728,59.2687802,60.59562562,60.40869288,60.70524711,62.59464111,64.84537236
Burundi,BDI,Trade (% of GDP),NE.TRD.GNFS.ZS,23.53974528,22.55372449,20.96404561,21.67382941,27.37631208,31.57611818,35.09999884,42.4,38.79999877,47.19999958,35.80000356,39.5000054,43.00000284,43.70537319,46.60407909,42.99502581,22.83828342,23.04372526,22.2402931,26.59970246,29.02621,26.77333,28.81866,28.31532036
Cabo Verde,CPV,Trade (% of GDP),NE.TRD.GNFS.ZS,80.96901996,87.52060836,92.1637225,101.0897023,98.76838081,101.56717,104.3438399,117.8166972,94.20620754,90.96638827,80.46095613,85.54844988,90.55645011,90.64991655,86.16986003,91.30385241,94.00853014,95.37813986,100.0521339,105.8675241,103.6026565,78.39345459,78.46961917,97.66582457
Cambodia,KHM,Trade (% of GDP),NE.TRD.GNFS.ZS,94.17688808,111.6095341,114.1410517,119.6929361,123.0808122,134.5114174,136.8319301,144.6144535,138.2681469,133.3202594,105.1384754,113.6037182,113.5818435,120.5974375,130.0464867,129.6122323,127.864067,126.950029,124.7877735,124.8986128,123.5565238,123.9907416,129.1114515,123.1871324
Cameroon,CMR,Trade (% of GDP),NE.TRD.GNFS.ZS,37.23837985,47.92794425,51.57226919,48.48172273,40.24319259,41.83774243,44.99768135,47.10443418,53.21569086,56.92441716,42.17610736,47.2385854,51.5219876,50.03601273,49.67453635,50.83238931,45.54014683,40.63863153,39.19902161,40.58760288,43.37851325,33.7389805,36.74584438,41.28693131
Canada,CAN,Trade (% of GDP),NE.TRD.GNFS.ZS,80.11502931,82.76535785,78.34421839,75.70703208,69.84009462,70.19241999,69.75913302,68.05216448,66.28341975,67.02360836,58.47439182,60.2081215,62.49873877,62.59554894,62.2310749,64.37866216,66.16490207,65.36368452,65.10106085,66.59988585,66.17148528,61.15677096,62.42416441,67.55889637
Chad,TCD,Trade (% of GDP),NE.TRD.GNFS.ZS,50.50786776,51.57117201,64.32190804,126.3508078,83.37891496,101.7685909,85.84674503,95.91322863,84.73102386,80.28966642,77.10946437,80.39070929,80.68107489,80.57561968,72.64891576,76.62652317,66.56416435,63.29692513,73.57500818,74.20475373,74.57052556,68.73036014,82.98477687,90.76282956
Chile,CHL,Trade (% of GDP),NE.TRD.GNFS.ZS,54.69560983,58.71192309,62.14476697,62.4838519,65.69341959,69.88936005,72.06253424,73.71163505,76.97702471,80.67662624,66.68603096,69.71768014,72.48164281,68.15614289,65.14328795,65.63462812,59.34911048,56.05786109,56.02615897,58.17705063,57.54685753,58.13342703,64.72162465,75.01835435
China,CHN,Trade (% of GDP),NE.TRD.GNFS.ZS,33.52416176,39.41101485,38.52735927,42.74740363,51.803988,59.50552422,62.20789287,64.4788839,62.19336348,57.61271534,45.18487038,50.71707766,50.74090459,48.26752237,46.74437558,44.90521595,39.46416934,36.89441502,37.63241324,37.5657841,35.89009603,34.7542957,37.30199087,38.14381803
Colombia,COL,Trade (% of GDP),NE.TRD.GNFS.ZS,36.14927931,32.66708547,33.90111179,32.98263921,36.51618352,35.86342693,37.42269749,39.64135596,37.0988971,39.16764942,35.15612851,34.26460317,39.47042355,38.83515102,37.9866488,37.48746564,38.36076412,36.20265298,35.28291494,36.5347528,37.55853398,34.13146886,40.2455672,48.36616975
Comoros,COM,Trade (% of GDP),NE.TRD.GNFS.ZS,35.75715709,35.75747855,35.75722888,35.75711907,35.75695913,35.75706312,35.75740933,35.75727456,33.15617921,36.21852635,37.89692233,39.55013697,40.00099559,40.81041894,39.24329527,39.2358232,37.80495207,37.13287972,40.16435892,42.99615334,42.26807854,33.72993462,42.27772873,47.78172661
Democratic Republic of the Congo,COD,Trade (% of GDP),NE.TRD.GNFS.ZS,41.17766082,27.01440292,25.04193751,29.31684564,54.03135618,49.33641463,52.3146047,47.96325962,80.14205505,83.77229165,62.94687936,90.74761029,85.19814419,68.3517114,77.46594515,78.69015012,59.33243096,55.92521026,74.29137962,69.91972915,55.23515804,58.49175733,80.48131142,95.16421928
"Congo, Rep.",COG,Trade (% of GDP),NE.TRD.GNFS.ZS,131.3941903,123.9098844,130.7324811,135.4560711,156.8617773,131.3681987,119.5528923,125.600763,148.5866254,133.1084867,135.5523657,124.0647544,124.5917427,97.44443515,93.00286339,104.1976201,117.3207216,122.2598183,94.61709526,100.5832168,91.57575772,69.30662069,85.54620123,98.16151068
Costa Rica,CRI,Trade (% of GDP),NE.TRD.GNFS.ZS,87.53861379,86.52492353,80.85275872,80.41394434,83.32770754,85.2564772,89.22266389,89.81455461,86.45659584,86.40151271,69.75931772,67.51208968,68.63914651,67.0485393,64.06641059,65.19124205,60.75356194,62.17847818,65.07195374,66.94534202,65.76053002,60.13988625,70.7816423,79.65919533
Cote d'Ivoire,CIV,Trade (% of GDP),NE.TRD.GNFS.ZS,55.89356269,54.96399163,53.11410472,55.90194823,53.26006068,58.1182963,62.82093604,63.69037706,61.43094235,61.9406213,66.67290375,67.47294008,64.71590306,70.30108932,58.35267925,53.68041756,52.71286474,47.56557836,48.66250747,46.03750871,44.52749194,41.10945675,45.12434559,52.33567162
Croatia,HRV,Trade (% of GDP),NE.TRD.GNFS.ZS,66.28142854,74.62190276,79.45547531,81.16018734,81.41841998,81.60753892,81.46960237,83.48659287,83.22083429,82.02114225,69.95919519,72.83996951,77.97085482,79.27346947,81.403017,85.59664312,90.90550966,92.37994969,97.43566696,99.36501737,101.3752387,89.84831075,102.2016831,124.5176672
Cuba,CUB,Trade (% of GDP),NE.TRD.GNFS.ZS,31.86893225,31.07598788,29.36109638,24.72931335,26.58713358,31.31141533,39.36137443,37.18801429,37.96760966,44.91722075,32.91398196,40.2919413,46.96042905,45.86620363,44.32389693,39.27415285,31.61381248,27.2692227,26.22284939,27.0834485,22.82079445,15.68301603,80.02378499,88.80303699
Curacao,CUW,Trade (% of GDP),NE.TRD.GNFS.ZS,0,0,0,0,0,0,134.9114598,144.5555111,146.0491225,166.7395417,144.7023417,143.9322118,172.9234178,183.2364608,166.4061489,164.3598175,148.3138162,139.0529782,139.8124492,155.268858,0,0,0,0
Cyprus,CYP,Trade (% of GDP),NE.TRD.GNFS.ZS,131.2093199,137.4949422,131.849091,123.6413425,114.0046685,113.9036053,111.9170728,109.8063265,111.2749513,112.925717,102.7908607,109.1886986,110.9245942,112.6597666,121.2311476,131.2394992,137.7384784,139.6425126,148.5045143,148.9572332,151.9444917,162.7311824,174.8596076,189.7574576
Czechia,CZE,Trade (% of GDP),NE.TRD.GNFS.ZS,85.99922858,98.0463389,99.01245616,91.33465032,94.97352886,113.48896,121.2979604,127.0283819,129.7790173,123.7424991,112.7972445,128.0289115,137.8628189,146.5288566,146.422417,157.5749822,155.1756635,150.5862673,150.5326525,147.9485233,141.7710237,133.1483198,142.4950116,151.9230582
Denmark,DNK,Trade (% of GDP),NE.TRD.GNFS.ZS,72.69719795,82.98395105,83.96857587,84.55697481,80.8817074,82.20776527,89.39974086,97.3667362,100.0678512,104.8282299,89.75503929,94.09997689,101.2457955,103.2409703,103.0501411,102.2639163,104.0482284,100.1688288,102.9793899,106.9749964,110.2248286,103.7558813,110.7122085,128.929664
Djibouti,DJI,Trade (% of GDP),NE.TRD.GNFS.ZS,0,0,0,0,0,0,0,0,0,0,0,0,0,0,347.9965151,299.3678629,268.3634563,213.0719986,305.9679664,300.3986867,320.939003,222.8379833,264.0202535,340.1940146
Dominica,DMA,Trade (% of GDP),NE.TRD.GNFS.ZS,0,0,0,0,0,0,0,87.96503682,91.17349764,96.91539152,84.32639152,89.13322283,90.4307458,84.00079257,87.7248402,117.4891116,107.7877246,101.7823399,102.6281965,106.9605042,0,0,0,0
Dominican Republic,DOM,Trade (% of GDP),NE.TRD.GNFS.ZS,76.30275328,79.3003931,70.51056781,68.7232829,84.44950319,81.35142294,61.65355874,63.76648264,61.94723068,61.39205309,50.61228261,55.99993607,58.9896659,58.38867388,56.68175612,55.49642325,52.17107772,51.58597126,50.22508542,52.05596639,51.01114492,44.29365655,52.73486707,54.23152556
Ecuador,ECU,Trade (% of GDP),NE.TRD.GNFS.ZS,49.2012508,59.4646993,50.74505716,49.37654964,47.24163069,50.66524037,56.0998297,59.70978319,62.58713843,68.05694738,52.10484902,60.30323871,64.49023889,61.75111241,59.60615606,57.70816899,45.24387715,38.52134034,42.42172139,46.36213095,46.07682119,41.37523008,51.38600857,57.69026362
Egypt,EGY,Trade (% of GDP),NE.TRD.GNFS.ZS,38.36150845,39.0179359,39.81042654,40.98706783,46.17964072,57.81990521,62.95264624,61.51853651,65.07787325,71.68062535,56.55344464,47.93635007,45.25563416,40.71176927,40.37303806,36.92018779,34.84594296,30.24654905,42.83213436,45.91101967,41.12401716,32.12625557,29.85697348,36.98310488
El Salvador,SLV,Trade (% of GDP),NE.TRD.GNFS.ZS,60.99048962,68.7100889,65.89073854,65.91909078,68.23698248,69.78226418,69.71581168,73.45556751,77.62105603,80.66597394,66.07119117,73.53728767,79.2766437,77.64857162,80.45119449,78.10442575,76.56027074,72.81909337,74.30465119,75.63361689,76.0420131,66.06208243,80.77276203,86.79858733
Equatorial Guinea,GNQ,Trade (% of GDP),NE.TRD.GNFS.ZS,0,0,0,0,0,0,131.0244718,118.5327824,134.0837899,128.6880066,122.2120771,144.668225,114.3773466,116.6754225,106.8932849,104.3791987,98.87805917,92.60073072,102.4282583,103.6456816,94.87879243,77.92788464,84.27978685,87.51983509
Eritrea,ERI,Trade (% of GDP),NE.TRD.GNFS.ZS,96.25923618,67.88136193,72.06271096,76.59016366,74.00782429,65.57090685,61.10603102,45.26084605,34.55955953,30.56095005,27.97214161,37.47146546,47.39379012,0,0,0,0,0,0,0,0,0,0,0
Estonia,EST,Trade (% of GDP),NE.TRD.GNFS.ZS,144.1164536,126.4956102,126.4569879,123.3182147,122.7768752,129.978208,135.9388166,136.6432209,133.9876013,136.6890511,116.7647477,143.6782241,167.3919798,170.7599264,166.4528345,160.2414747,150.9371897,150.4086967,147.5637224,145.9202961,143.7545303,138.4663387,156.9580491,171.5674809
Eswatini,SWZ,Trade (% of GDP),NE.TRD.GNFS.ZS,146.2665447,156.4020239,155.9719144,175.7979933,172.0920312,150.1744096,124.5380371,106.9245947,114.8513281,112.9889489,107.3542511,106.6674434,80.76129963,79.66686772,86.80129593,88.34102188,84.08971156,86.65163682,87.79836788,84.74748839,89.18862169,86.88450523,88.95205724,91.42298363
Ethiopia,ETH,Trade (% of GDP),NE.TRD.GNFS.ZS,0,0,0,0,0,0,0,0,0,0,0,0,48.23293541,45.39790418,41.47178708,40.74108415,39.65612414,34.8990528,31.1036313,31.19937494,28.81530101,24.00611364,24.29896725,26.56683564
Euro area,EMU,Trade (% of GDP),NE.TRD.GNFS.ZS,63.03512704,70.80273079,70.05271884,67.6871077,66.33920677,69.2213733,72.466111,76.77929097,78.57619142,79.6464338,69.40724367,77.47889559,82.92011205,84.55907073,84.04174728,84.62810425,86.11983049,85.04967547,88.1637892,89.8002491,89.95486287,82.84391151,90.51958865,103.3178239
Faroe Islands,FRO,Trade (% of GDP),NE.TRD.GNFS.ZS,100.4919283,110.5453534,104.9043669,98.62315601,108.2582901,93.41539891,100.9627594,97.39471776,99.50600413,103.4962225,96.86080803,97.18244346,105.8464535,117.1577937,114.0622828,106.1425392,105.6106716,104.552703,107.2389084,106.8746648,108.623246,96.51231444,104.7476479,124.912667
Fiji,FJI,Trade (% of GDP),NE.TRD.GNFS.ZS,122.8022338,135.8956415,129.9973418,126.0525791,128.9759699,125.1219876,117.7400794,118.0483317,110.3895149,130.997848,108.8691174,121.2279034,124.4761259,125.2857917,126.3483867,110.8123056,101.1890486,97.17449078,97.02166259,103.23542,107.4114638,72.3435755,81.72520896,117.2593702
Finland,FIN,Trade (% of GDP),NE.TRD.GNFS.ZS,66.23987519,74.89482711,70.27684819,69.29946258,68.05580267,70.96020358,76.57920783,81.98349306,82.8574025,86.18433583,70.12330327,75.46440739,78.57958161,79.17050095,77.09388658,74.11272276,71.38254843,70.89850035,75.05313719,78.19216832,79.60543321,71.49866828,78.92158427,93.07070128
France,FRA,Trade (% of GDP),NE.TRD.GNFS.ZS,49.7609206,55.86124572,54.95936809,53.07202476,50.79783352,51.92500788,53.98070678,56.10342445,56.42075658,57.39708289,50.46245085,54.86779108,58.79057642,59.70205917,59.76405507,60.47879652,61.75169393,61.10014238,62.96184729,64.4379526,64.14147319,56.78215677,61.952314,73.2498526
French Polynesia,PYF,Trade (% of GDP),NE.TRD.GNFS.ZS,28.37865546,27.94473112,0,0,0,0,58.87573964,56.61325748,57.45546809,58.03964777,51.67507771,54.04388211,56.23198542,57.88068198,56.06196756,56.23245789,55.63046864,53.61649494,54.5776905,65.01466285,63.3061124,46.44368641,51.63760842,67.23096626
Gabon,GAB,Trade (% of GDP),NE.TRD.GNFS.ZS,97.73145246,101.7019289,83.63861324,84.75908154,80.30260821,81.76753714,83.94959984,88.64940926,85.13247916,88.99887259,83.50457742,89.15766272,90.49837733,92.34280894,90.63503615,73.52032902,73.94978146,70.13338106,75.06874045,77.0365977,73.42808945,70.05999659,72.12778277,77.98850724
"Gambia, The",GMB,Trade (% of GDP),NE.TRD.GNFS.ZS,52.41329752,56.35981989,46.92926319,59.64295092,68.85879303,49.93429956,50.0187234,50.37446858,44.29384447,39.08909946,41.77739443,41.01251503,42.63970205,47.70067311,45.46191936,58.25793078,52.93750515,46.02140369,53.31905528,63.10911205,53.26965257,47.50036503,42.0928112,35.33771342
Georgia,GEO,Trade (% of GDP),NE.TRD.GNFS.ZS,57.15187433,62.66139564,63.32992508,71.62912554,77.63337654,79.04074591,84.52959754,89.12537437,88.39341407,86.29822437,78.19303903,82.89905415,87.54685286,91.94227852,95.60208582,96.77483614,98.76882275,96.82581761,104.0400769,111.7555393,118.5993683,93.87579829,102.8211961,115.6386035
Germany,DEU,Trade (% of GDP),NE.TRD.GNFS.ZS,53.36584963,61.526061,62.06283889,60.93488981,61.84931971,66.22619911,70.91871294,77.44972915,79.8744174,81.52480473,71.2287129,79.86862424,85.20612127,86.51405488,85.0788767,84.62009339,86.24622461,84.76964597,87.23720295,88.51987104,88.31838946,81.14735893,89.16109414,99.88033976
Ghana,GHA,Trade (% of GDP),NE.TRD.GNFS.ZS,81.70510403,116.0484302,110.0458542,97.48924317,97.28714571,99.67033435,98.17151411,64.51905424,65.35432229,69.51422561,71.59473853,75.37781579,86.29545385,93.16803513,60.7593219,63.83656156,76.5212713,67.87700019,70.54836457,67.95851835,76.82480183,66.57549872,62.70783091,70.58815601
Greece,GRC,Trade (% of GDP),NE.TRD.GNFS.ZS,47.37759821,58.41567734,56.13996869,50.34899629,48.1900538,49.89844144,50.90086437,52.85023883,57.52437402,59.32971553,47.7438466,51.19728572,56.83396477,62.06128479,62.87650156,66.52632759,65.27769247,64.01919798,71.57895054,80.15002656,81.88592326,71.84030946,89.65592539,107.996804
Greenland,GRL,Trade (% of GDP),NE.TRD.GNFS.ZS,0,0,0,0,87.29719728,88.15243573,99.70792655,89.69385624,94.96705396,107.3732213,85.75736574,110.4723682,130.5479424,100.9784011,95.91166816,87.08858379,83.10138101,85.83767292,84.20725587,89.77669063,92.19075156,82.69992612,85.1523061,0
Guam,GUM,Trade (% of GDP),NE.TRD.GNFS.ZS,0,0,0,68.88626989,64.023536,68.00206772,66.43721813,72.77017461,79.46327041,78.27393731,72.01739851,72.0347545,77.78892456,76.75213675,79.5332469,78.3600713,71.33988619,70.41179461,69.26658906,73.01849406,77.83537543,63.77845736,62.92666993,0
Guatemala,GTM,Trade (% of GDP),NE.TRD.GNFS.ZS,46.36050685,49.1455879,70.66903318,67.10481152,67.00233919,70.21487236,67.10369961,67.91192374,69.00136431,65.17873052,58.04068697,63.12519257,65.04705104,61.95941934,56.68522075,55.08327928,49.89345332,46.37273752,46.0694204,47.01168207,45.51674275,41.143028,49.49153219,54.66995714
Guinea,GIN,Trade (% of GDP),NE.TRD.GNFS.ZS,47.67304857,53.48171901,58.59690975,55.44823507,51.14213902,50.44221808,69.89672592,69.38630362,71.12103875,64.18425072,69.81535397,73.54656656,85.95467312,86.67432424,80.42644444,76.77196353,72.44272538,111.8394625,101.2516338,88.98411154,78.41531323,115.037394,105.8030105,107.4776601
Guinea-Bissau,GNB,Trade (% of GDP),NE.TRD.GNFS.ZS,67.67764754,54.87335091,48.01758272,41.18439956,43.27161881,44.84511204,41.31838096,40.44919814,54.14182423,52.64204501,54.07187573,50.13040106,56.62100801,41.17299284,44.08039118,51.59301419,59.78153675,57.81222441,60.84701692,56.0181155,55.37258558,43.63584037,0,0
Guyana,GUY,Trade (% of GDP),NE.TRD.GNFS.ZS,201.0593148,206.7673705,199.5770007,196.7250784,189.1624856,200.7252869,194.3507573,0,0,0,0,0,0,0,0,0,0,0,0,0,0,0,0,0
Haiti,HTI,Trade (% of GDP),NE.TRD.GNFS.ZS,41.94847951,27.15352207,27.56993299,24.93967844,37.19734346,33.78097032,34.96510447,37.05707041,34.28254898,36.14503815,33.09649982,44.72152413,44.16357039,40.2582415,40.33250975,42.35152591,41.94573811,41.41090221,42.07454778,45.13857631,44.56871877,34.45720191,37.16540177,36.52955028
Honduras,HND,Trade (% of GDP),NE.TRD.GNFS.ZS,120.1260891,120.3921646,115.9430717,117.9974545,122.2482772,135.4617587,136.489768,133.1318351,135.0706349,135.7489552,96.90500602,109.4418382,122.2169026,121.1882158,116.3060492,112.9750973,107.2644054,99.81571695,101.8131111,103.5511622,98.02758971,85.61941811,101.5722801,111.0730824
"Hong Kong SAR, China",HKG,Trade (% of GDP),NE.TRD.GNFS.ZS,220.2723131,247.6540204,240.8489776,255.9964574,292.4546559,326.8410546,342.6892095,359.2086612,362.1494636,376.6568062,348.3975543,404.7705609,421.8547066,430.5685304,442.6200191,425.9758717,389.4059493,371.7272318,376.7956667,376.8927735,353.7435211,350.679705,402.5089429,383.7908962
Hungary,HUN,Trade (% of GDP),NE.TRD.GNFS.ZS,114.0257748,137.4066012,131.0450687,118.3201092,116.629337,123.4463059,127.813089,149.0086365,155.4982504,158.3252978,144.9998974,157.4649138,166.4331831,165.6486679,164.3461104,168.3945965,167.320445,164.4039277,165.2285156,163.2605123,160.7513433,155.483815,159.7057765,186.7239141
Iceland,ISL,Trade (% of GDP),NE.TRD.GNFS.ZS,69.43004156,71.13900777,74.73465562,69.43201129,68.19921175,70.43190206,72.45061537,77.5361532,74.67091356,82.6880267,89.39474321,93.64639818,101.4087017,104.0854755,98.7895236,96.66559189,95.81820791,88.33302364,86.97894698,88.63690696,82.86274578,68.01524045,76.69594267,93.56996585
India,IND,Trade (% of GDP),NE.TRD.GNFS.ZS,24.81559804,26.90092291,25.99325475,29.50866294,30.59243613,37.50381406,42.00166962,45.7244805,45.68626868,53.36822044,46.27286964,49.2552065,55.62388001,55.79372172,53.84413194,48.92218575,41.92291387,40.08248571,40.74249695,43.61696933,39.90540353,37.80412536,45.6676832,49.2297021
Indonesia,IDN,Trade (% of GDP),NE.TRD.GNFS.ZS,62.94391286,71.43687592,69.79320753,59.07946177,53.61649375,59.76129484,63.98793587,56.65712681,54.82924998,58.56139963,45.51212137,46.70127388,50.18001318,49.5828983,48.63737268,48.08017559,41.93764024,37.4213418,39.35549707,43.07430895,37.62777754,32.9721754,40.19775125,45.3933054
Iran,IRN,Trade (% of GDP),NE.TRD.GNFS.ZS,34.88541413,41.25724746,40.53556648,48.17268655,50.67910577,51.31385733,54.44049526,53.16735871,49.88730692,48.22940277,43.69958022,43.77064374,41.21941479,44.08934668,47.08671792,45.35142014,39.42258866,40.38784692,44.74487077,58.56508972,50.75433435,43.81016469,44.37383405,51.59750681
Iraq,IRQ,Trade (% of GDP),NE.TRD.GNFS.ZS,138.3146024,125.3365956,126.7802567,119.762048,154.2345233,120.2339771,115.7425403,89.65052049,74.09285311,81.05554327,78.68737882,73.49747962,72.17132822,73.60868459,67.41001841,68.98248686,69.5917686,54.58832019,59.78091239,65.80179177,68.98993842,57.74231617,62.09562661,0
Ireland,IRL,Trade (% of GDP),NE.TRD.GNFS.ZS,159.871033,174.9545559,174.8407324,163.7193544,146.5315008,146.5875258,148.1755848,150.0218047,153.3968638,160.0394442,173.5914943,189.925491,187.7111148,191.8803821,189.4236569,201.8464456,214.9959338,228.1436007,219.4401359,216.5390869,252.495272,247.0597188,227.4047903,234.2673529
Israel,ISR,Trade (% of GDP),NE.TRD.GNFS.ZS,65.69298073,69.30136195,63.12276422,66.52554789,67.71084615,75.65373375,79.13295723,79.08896425,79.61465423,76.09772307,62.59776255,66.44032353,69.65640342,70.73576047,64.64420848,62.16371876,59.21230011,58.04398655,56.56038393,58.89396028,56.26953448,50.96080098,55.19492229,60.50435556
Italy,ITA,Trade (% of GDP),NE.TRD.GNFS.ZS,44.6207908,50.40558983,50.03480463,48.0579243,46.14884478,47.43033039,49.30101076,53.16817918,55.06145563,54.4928758,45.41876179,52.00618837,55.14552246,55.65472084,54.8675794,55.32211515,56.41817616,55.36760281,58.60417595,60.30355124,59.87898022,55.26570577,61.9058087,74.7768779
Jamaica,JAM,Trade (% of GDP),NE.TRD.GNFS.ZS,84.23174689,89.51300605,84.8277346,81.84675543,88.15063084,89.31810407,90.48789334,100.7455988,101.2444221,113.5774038,86.88512433,80.92040032,83.82182023,82.04007835,83.25957198,84.74099862,76.11752166,76.45520237,83.52317252,89.97790604,90.11060763,0,0,0
Japan,JPN,Trade (% of GDP),NE.TRD.GNFS.ZS,18.12563072,19.56237158,19.55960447,20.44712207,21.32612527,23.66435342,26.22995458,30.0163761,32.81657805,34.12947654,24.39016653,28.49847269,30.19496073,30.47091092,33.97876865,37.43143457,35.42740835,31.31024685,34.42321357,36.6099318,35.21641811,31.32579312,36.77148329,46.84373214
Jordan,JOR,Trade (% of GDP),NE.TRD.GNFS.ZS,104.4703736,110.3289046,109.2854786,114.0388578,115.7068353,134.6216119,146.9088913,141.7473818,145.9942463,140.912926,112.1519982,114.2226777,118.6996795,117.8555877,111.451528,109.9388055,95.35791223,88.7207179,90.06840924,87.9639085,85.82143874,0,0,0
Kazakhstan,KAZ,Trade (% of GDP),NE.TRD.GNFS.ZS,82.57915136,105.6996926,92.84906851,94.03168565,91.46333243,96.4091997,97.76250302,91.4535268,92.1616331,94.29480465,75.76606746,74.1382659,73.11785705,73.72373249,65.40760933,64.97203465,53.04972881,60.31159659,56.82538794,63.52795651,64.85861655,57.02644237,58.66860858,68.11362611
Kenya,KEN,Trade (% of GDP),NE.TRD.GNFS.ZS,48.19227499,53.30904439,55.94683603,55.17267226,54.1322659,59.47700335,64.47886616,55.23648513,53.8947888,57.57859865,45.94519181,50.39428735,58.40220597,51.62369202,47.46464251,46.17048936,40.32738469,34.86501957,35.99505788,34.41475318,31.75946673,27.23634937,30.68928192,33.72955056
Kiribati,KIR,Trade (% of GDP),NE.TRD.GNFS.ZS,113.0841121,105.1724138,114.7540984,130.1879523,110.6890393,102.7308445,125.306968,95.63364118,99.64933525,97.53138548,101.8912908,90.9585973,101.0530643,105.3810974,106.1950421,117.0684835,123.084036,128.6795479,119.1056911,96.57794677,119.8412698,95.34883721,93.39933993,105.9006211
"Korea, Rep.",KOR,Trade (% of GDP),NE.TRD.GNFS.ZS,59.76275376,66.09516011,62.22379722,58.3530394,61.17460128,70.01571487,68.32481102,70.65187353,73.87452529,95.51635243,86.13361937,91.3995965,105.5663136,105.4583277,97.95210495,90.6144419,79.13249439,73.60380947,77.12091781,78.98886551,75.75713897,69.03404509,80.19945693,96.53640929
Kuwait,KWT,Trade (% of GDP),NE.TRD.GNFS.ZS,85.36811455,86.6183245,86.85046729,81.22519413,86.55517551,89.29764168,92.24268009,89.7130932,91.73250339,92.68345625,88.81106499,97.02773949,99.09037034,101.0112413,97.60670229,100.0369451,98.69957329,96.15890754,97.84004646,103.1154584,98.18294424,0,0,0
Kyrgyz Republic,KGZ,Trade (% of GDP),NE.TRD.GNFS.ZS,99.19949122,89.43093163,73.74691237,82.92072902,83.93278281,93.81573216,95.08400463,120.7499818,137.0583878,146.1060822,133.3791532,133.2328505,136.1798404,139.6759378,134.0267856,125.1261811,110.9615707,105.823574,100.6174458,98.8755599,0,0,0,0
Lao PDR,LAO,Trade (% of GDP),NE.TRD.GNFS.ZS,80.05845617,68.83730137,65.89943688,67.25490285,60.57209588,66.07975162,71.79264627,81.96137542,79.2126289,81.84918209,76.93082622,84.72033789,91.69869587,98.18512643,98.17914662,99.05973829,85.7983217,75.09189092,0,0,0,0,0,0
Latvia,LVA,Trade (% of GDP),NE.TRD.GNFS.ZS,79.86507099,81.53624741,86.36839113,83.20634424,84.61117995,93.13567618,100.2357513,100.1329827,95.5732855,91.17645536,86.41245309,108.6047806,125.4904462,128.2284417,125.1578552,125.2792731,122.2993647,118.9106331,123.8523114,123.6228987,120.7431367,120.1972888,132.334031,148.5020644
Lebanon,LBN,Trade (% of GDP),NE.TRD.GNFS.ZS,50.81417077,50.11529593,55.55680836,51.04253256,54.09083402,90.97279703,92.76265627,91.06939703,97.96770797,106.6256732,90.39783886,95.09665294,102.1398824,88.54550192,86.17432859,79.81715659,71.83904263,67.72361779,68.45542926,68.2573073,62.98091601,50.12980429,78.8286204,0
Lesotho,LSO,Trade (% of GDP),NE.TRD.GNFS.ZS,0,0,0,0,0,0,0,0,165.0489488,161.1265906,158.8947376,150.1024355,149.7966067,150.2085754,133.3654898,126.2924754,129.7227731,135.2219018,146.4020717,144.4349555,142.2261386,139.7999397,141.9842111,149.1876851
Libya,LBY,Trade (% of GDP),NE.TRD.GNFS.ZS,34.80163011,45.28109377,43.17344961,78.85975704,90.61273052,96.12933208,90.86088969,97.73810112,102.7323155,103.242158,107.6209305,98.07721307,63.00543529,98.22431892,106.3343609,76.52488264,56.90490733,41.11017606,47.54896619,63.7811336,78.20912785,0,0,0
Lithuania,LTU,Trade (% of GDP),NE.TRD.GNFS.ZS,74.82149516,83.37858933,93.66569716,100.4906211,98.23490648,104.6040189,117.483577,124.3354433,116.3873879,126.8490876,105.3387783,129.8873829,148.4472191,155.8431607,155.8867909,142.7216428,138.5523173,134.4538584,144.8733554,148.5947801,149.1762114,136.912607,155.6366257,175.7031722
Luxembourg,LUX,Trade (% of GDP),NE.TRD.GNFS.ZS,239.9224996,272.4123268,270.7656304,250.6891982,244.9779461,265.2268849,284.0774769,305.8795475,307.4850201,292.2134808,263.5327015,293.6718769,308.7144539,311.7868352,320.5335063,333.4288532,351.1319744,348.4374094,353.793992,362.4239045,382.3483692,372.2714029,393.1411982,388.5136684
"Macao SAR, China",MAC,Trade (% of GDP),NE.TRD.GNFS.ZS,132.2370433,147.7625117,150.0235883,152.382641,150.7883955,148.9037502,136.3722219,128.7856891,130.6705988,126.6071312,113.5551133,119.9400877,122.8883894,123.7133418,121.4225517,118.635352,118.4983375,112.1844682,114.9257754,115.8654807,114.7030638,121.500363,167.6887458,177.9326065
Madagascar,MDG,Trade (% of GDP),NE.TRD.GNFS.ZS,40.92441202,42.77712266,41.03512609,50.18169194,34.03060292,48.77538189,59.13008494,62.10283894,66.70273536,74.35735396,62.4116976,57.87489451,56.4830926,52.65171408,56.36758179,61.96943221,61.22037884,60.83469848,65.34340151,67.84150467,62.60132305,49.01070737,54.45704159,69.60467198
Malaysia,MYS,Trade (% of GDP),NE.TRD.GNFS.ZS,217.5709194,220.406789,203.364636,199.3562327,194.1951291,210.3742659,203.8546446,202.5771468,192.4655064,176.6683248,162.5589705,157.9447649,154.9376846,147.8417548,142.7209915,138.3122312,131.3700724,126.89901,133.1551734,130.4026255,123.028562,116.7881824,134.0189263,146.6637864
Mali,MLI,Trade (% of GDP),NE.TRD.GNFS.ZS,50.0264356,55.42257543,60.20080302,57.82929137,58.6281417,55.31161766,54.12532578,60.97667384,56.64974624,63.47601606,50.51919293,57.98529724,53.91355778,59.12059455,64.81766087,60.63870749,63.63963969,63.76329642,58.06844833,60.1447828,63.65870277,66.99057428,67.20994467,68.82822823
Malta,MLT,Trade (% of GDP),NE.TRD.GNFS.ZS,228.1740482,248.6257548,221.4787893,223.9061641,217.8936786,212.6473563,217.6022175,253.8366058,262.3170579,298.818064,294.9500968,301.8366956,319.7034169,322.6764519,304.3286244,287.6414311,299.4701582,303.0112389,296.8696167,302.6960559,309.6171503,333.1212761,315.3064603,317.7450138
Marshall Islands,MHL,Trade (% of GDP),NE.TRD.GNFS.ZS,107.0774616,129.5090921,118.3303752,102.4928229,116.7842099,113.9934749,125.0033385,112.7666625,115.0091111,122.574278,129.3542428,145.5165055,153.9197732,158.2814964,162.7434248,150.5208832,139.0223227,116.9470712,125.7288,128.815279,153.5983926,108.2922362,118.0476572,119.9429697
Mauritania,MRT,Trade (% of GDP),NE.TRD.GNFS.ZS,49.01693804,58.94037477,60.70121246,56.7855296,55.31802433,75.21880468,88.23509956,82.78850121,86.06405568,94.120211,82.0086176,93.42074513,98.4853296,110.7881227,102.3988242,91.61037136,77.34678649,73.15326167,78.81498018,89.14672949,93.48669414,86.77616813,88.30687376,103.9529085
Mauritius,MUS,Trade (% of GDP),NE.TRD.GNFS.ZS,130.6912574,122.3126024,129.7787219,119.8223403,110.1185317,108.4687326,123.2460994,127.0628618,120.8764513,115.4893159,104.429729,113.4570736,117.5389464,119.5001198,113.3056535,110.5897075,107.1459794,101.3661141,101.2502617,98.08717981,96.49195092,85.83054487,98.00002924,119.4416818
Mexico,MEX,Trade (% of GDP),NE.TRD.GNFS.ZS,48.01224958,49.91040919,44.74010901,45.20982925,48.70041687,52.04062003,52.56264466,54.4821161,55.2585244,56.36528188,54.59174213,59.27338452,62.16238728,64.25793189,62.69167477,64.09840904,70.41297469,75.69030341,76.95212604,80.21266165,77.39632478,76.87652406,83.30867244,88.11487197
Moldova,MDA,Trade (% of GDP),NE.TRD.GNFS.ZS,117.5279352,126.1631001,124.5007396,129.8395255,140.0565299,132.6990697,143.0235685,137.1547638,142.720539,134.4216013,110.3633269,87.9378519,98.61759653,96.30640983,95.68729683,94.22829197,88.96641546,89.00468372,88.62339028,87.44678743,87.63223711,79.26572212,88.47088654,110.7339656
Mongolia,MNG,Trade (% of GDP),NE.TRD.GNFS.ZS,112.2413385,121.8866098,115.8183269,118.5172531,120.2993935,131.3293182,122.3814599,112.9299831,117.8804264,121.1980134,107.8137572,103.3500317,126.9992286,109.5885643,100.3119897,109.3223119,89.65366348,101.0552372,115.9329019,126.3558732,124.3965146,112.8386476,119.0980784,136.3279299
Montenegro,MNE,Trade (% of GDP),NE.TRD.GNFS.ZS,0,87.92520214,100.4093861,95.22940002,77.59838901,100.109655,104.6251393,117.9947355,128.7461586,132.3402717,99.42502821,99.78032633,106.658854,111.7660445,102.7709302,100.12762,102.6889774,103.6729451,105.554965,109.6092968,108.8445775,87.00601808,105.0299932,125.8986046
Morocco,MAR,Trade (% of GDP),NE.TRD.GNFS.ZS,48.57887649,53.44030584,53.49157102,54.31012791,52.33185827,55.55163847,61.49382769,64.67219778,71.34964678,77.83447164,62.37095602,69.54197961,76.82587149,78.2221019,73.85775653,71.89356675,67.28867593,71.12266038,74.17335788,77.25488752,75.99811588,68.84380339,75.63219419,101.1158825
Namibia,NAM,Trade (% of GDP),NE.TRD.GNFS.ZS,91.10020515,85.13224429,88.58410184,94.41522289,95.95247438,81.86226059,80.68038029,86.83396933,104.9793038,119.6444982,123.7628443,108.0724772,102.1891478,100.2134088,97.72490423,103.080137,97.23903179,93.96618796,81.21966743,81.71386679,82.90115207,76.9252424,82.00360344,91.77038072
Nauru,NRU,Trade (% of GDP),NE.TRD.GNFS.ZS,0,0,0,0,0,0,0,0,0,164.2857143,145,100,130.3030303,120.4081633,179.3478261,197.2222222,200,170.1492537,142.0689655,140.2366864,156,134.9462366,133.3333333,170.3349282
Nepal,NPL,Trade (% of GDP),NE.TRD.GNFS.ZS,52.56698125,55.710589,55.79992108,46.2307185,44.24788362,46.14728672,44.06294748,44.76198776,44.57927502,46.03620635,47.07944776,45.98490577,36.29675889,37.92190606,41.86537574,45.98264161,46.66573039,42.11548612,44.64241062,48.44738695,49.24952659,40.9188656,43.05380479,49.39885419
Netherlands,NLD,Trade (% of GDP),NE.TRD.GNFS.ZS,114.4018843,125.5219499,120.0387648,113.4573979,111.9200094,117.6086275,122.8066577,127.7721514,130.457871,131.059892,116.8895497,131.5220741,142.4717733,149.2684152,149.5493313,150.0537554,157.816576,148.8586647,156.0282112,158.8232102,155.2706766,146.461778,156.9561687,176.71178
New Caledonia,NCL,Trade (% of GDP),NE.TRD.GNFS.ZS,56.3940657,60.36672252,58.18435233,56.13300404,61.8880339,58.58133786,61.910327,68.02051448,72.17438872,67.91747838,56.07715703,68.16848239,66.84452207,63.75339131,58.8723435,58.95779793,60.0467961,58.02961615,58.92818262,0,0,0,0,0
New Zealand,NZL,Trade (% of GDP),NE.TRD.GNFS.ZS,61.40123113,68.51692688,67.23382435,62.65599456,57.91476935,58.79955227,58.01874344,59.60326504,58.42516057,64.40873045,55.14572301,58.2516155,59.24046473,57.02311381,56.01714828,55.16462686,54.92128143,52.5080086,54.21400782,55.80297227,54.38418041,43.97504538,48.2005209,53.80500669
Nicaragua,NIC,Trade (% of GDP),NE.TRD.GNFS.ZS,62.53764452,61.29849746,57.98013155,58.09128441,62.17506589,67.19531678,71.64572371,87.30961477,93.02519168,96.79408513,86.99286696,100.3629987,111.8271573,115.1778478,110.9844216,106.6977299,98.19388163,93.8134597,96.37998455,93.98473921,94.04228105,88.92982235,106.6814733,115.1801198
Niger,NER,Trade (% of GDP),NE.TRD.GNFS.ZS,31.37523672,34.7127807,33.01366708,30.83438575,33.38279314,36.96410445,38.34774181,36.53137318,35.50280285,39.71124405,49.5122567,51.9459863,50.24639516,45.08596447,46.29514915,45.74160084,44.72743037,36.48810922,39.07111174,37.5388484,37.10256643,35.51299066,37.01589355,35.29615314
North Macedonia,MKD,Trade (% of GDP),NE.TRD.GNFS.ZS,72.62497869,80.16014736,71.47821057,71.53348467,71.06932049,80.870485,85.84100348,92.55166647,106.092966,111.5700547,87.17675377,97.88106912,113.1919101,112.2148347,104.85723,112.537929,113.6984439,116.1854084,124.1372839,133.2152076,138.5762318,128.2412581,146.7215946,170.818251
Northern Mariana Islands,MNP,Trade (% of GDP),NE.TRD.GNFS.ZS,0,0,0,151.9470405,152.7037934,178.0991736,174.5523091,159.6969697,128.5714286,100.8519702,84.52830189,92.61576971,105.0754458,114.8793566,120.0777202,119.8317308,122.7472527,152.8455285,131.4102564,108.6856264,104.5723963,77.38927739,0,0
Norway,NOR,Trade (% of GDP),NE.TRD.GNFS.ZS,69.50672858,74.31251872,73.15830391,67.51701409,66.32075094,68.67195377,70.46945049,71.65992995,71.94202631,74.78527993,67.46431546,68.23951936,69.59873363,68.49855284,67.97279259,69.13737722,70.43185654,69.1168424,69.10878176,70.00319579,70.89582053,65.35397904,71.22271378,82.61407198
Oman,OMN,Trade (% of GDP),NE.TRD.GNFS.ZS,87.61943738,92.89728556,96.49054051,95.78794647,97.00044149,101.5472186,99.1109943,98.55502308,108.8717855,108.6069382,105.00603,96.38655622,101.6407252,102.0741653,112.5432326,102.27816,96.37559765,82.86218714,88.95282637,89.27921783,86.47613366,91.8757004,93.91614616,0
Other small states,OSS,Trade (% of GDP),NE.TRD.GNFS.ZS,104.2033471,105.4902076,106.2786025,102.8796304,101.246474,102.2044332,106.2785465,109.4246479,109.3439201,109.2091922,99.85350083,105.3966797,117.1641854,122.6693432,121.9260197,117.2480252,112.3857203,107.6002633,108.9606099,110.4664496,109.0019479,106.8050945,115.0703119,119.1023584
Pakistan,PAK,Trade (% of GDP),NE.TRD.GNFS.ZS,32.31996281,21.45996933,23.57720884,23.1290206,24.65016612,24.80834087,29.878498,33.04971214,30.78788045,34.34896042,33.32688559,31.98899821,32.36263828,31.31897077,30.89027502,29.46982583,26.6881846,24.70157951,25.47203641,27.62605637,28.9055758,26.71628046,27.03042156,33.04836111
Panama,PAN,Trade (% of GDP),NE.TRD.GNFS.ZS,126.6863149,133.9889395,130.098368,121.851866,114.6933669,123.6525612,135.6943166,137.895702,149.5704528,166.6981464,138.9803682,148.2750461,162.4875614,158.0588033,137.6340738,119.0906104,99.93640441,87.40841028,87.42791229,0,0,0,0,0
Paraguay,PRY,Trade (% of GDP),NE.TRD.GNFS.ZS,77.55527569,78.64472976,72.60569901,79.44156565,81.12736377,80.10444662,85.02196365,84.7335313,79.00113742,80.77757466,70.84198186,81.25752337,78.49212385,74.76495746,73.36987138,69.08372496,66.91506553,67.75931523,71.0801344,72.06922363,71.22216173,62.76021747,69.74227302,73.85456069
Peru,PER,Trade (% of GDP),NE.TRD.GNFS.ZS,33.20577656,35.53803216,35.06440143,35.24918133,37.62461033,41.93607827,47.35731748,51.78505603,55.68811328,58.43376739,48.11192962,51.67280894,55.98828028,52.61989526,49.78714245,46.85312109,45.16276869,45.3888412,47.51355036,48.63147017,46.94350538,43.83468288,55.96953979,58.41257082
Philippines,PHL,Trade (% of GDP),NE.TRD.GNFS.ZS,77.16149371,85.15336858,84.90038862,83.84480409,87.57464436,87.12528482,83.84567457,80.85053867,73.64497999,67.68107077,60.88659079,66.10427851,60.7958367,57.84200551,55.82478123,57.46817209,59.1415921,61.77606577,68.16836974,72.1633983,68.84184226,58.1695603,63.48461049,72.41668658
Poland,POL,Trade (% of GDP),NE.TRD.GNFS.ZS,54.11160364,60.86858352,58.15676069,60.98737525,69.44621508,71.4456575,70.53052406,77.97071527,80.83145545,80.90576094,75.2677976,82.55322205,87.2838706,89.26763723,90.77936307,92.5686483,92.81878885,97.53993757,101.2812224,103.4504958,102.6887138,100.3242114,112.0818135,123.9345459
Portugal,PRT,Trade (% of GDP),NE.TRD.GNFS.ZS,63.31432982,67.45299799,65.09195518,62.30825942,61.13894749,63.20459367,62.94450456,68.54705312,69.94611758,72.07574292,61.49269353,67.78329546,73.099544,76.05083887,78.11443462,80.28230788,80.49089438,79.27422963,84.43914052,86.42876093,86.56471741,76.23748846,85.62590801,101.6051494
Puerto Rico,PRI,Trade (% of GDP),NE.TRD.GNFS.ZS,104.0804965,106.1695121,109.8856497,106.3294868,118.8401575,117.0008638,113.7447947,117.728478,117.5957791,116.2779944,105.2621968,104.1532283,108.5584001,103.3111866,104.8922401,102.3854565,108.8806342,110.2740455,113.131649,106.0011034,107.5714568,103.5096174,96.8021668,98.1145116
Qatar,QAT,Trade (% of GDP),NE.TRD.GNFS.ZS,85.73296979,89.61265972,94.96867168,88.46972363,90.16494869,90.37242884,94.74554417,98.57091931,96.11410571,89.43284165,80.14416297,86.07028995,98.72163869,105.7462944,102.3832081,99.03437474,93.70760417,89.54760012,91.49458792,91.83844898,90.04637555,90.01909489,92.77915857,99.98078766
Romania,ROU,Trade (% of GDP),NE.TRD.GNFS.ZS,57.97367504,48.52132539,51.92859102,53.71024781,56.17952705,60.62647867,59.36054945,61.68362593,63.50515667,65.17481466,58.47283377,69.83323164,76.14260683,76.53923335,81.40162118,83.37870793,83.52116278,85.89397864,87.15615667,86.4706703,84.50306102,78.05911338,86.85312077,92.81640257
Russia,RUS,Trade (% of GDP),NE.TRD.GNFS.ZS,69.3932815,68.09390704,61.11085866,59.64544573,59.12826901,56.5818524,56.71324849,54.73340187,51.70612275,53.38246604,48.43506103,50.35550549,48.03539941,47.15139039,46.2871494,47.80134126,49.35934931,46.51811984,46.87652434,51.58090037,49.22875366,45.9669082,50.55774419,43.77411441
Rwanda,RWA,Trade (% of GDP),NE.TRD.GNFS.ZS,27.33174809,27.48330572,29.19720261,27.60798227,29.30902664,33.4595851,34.21444156,33.21952061,35.96885716,37.60179413,36.80289767,37.27610397,39.71276957,40.53713653,42.68924555,43.89846719,45.19742387,49.48036764,53.67527164,55.79368537,57.99232754,55.1992588,54.71128956,61.16654864
Samoa,WSM,Trade (% of GDP),NE.TRD.GNFS.ZS,0,0,0,87.91997114,76.27214877,72.52937031,76.22474427,82.46919384,83.20220418,73.88642706,75.97939216,78.56980148,81.60095361,82.7339808,77.87775202,80.50077642,74.63435456,75.21181717,74.01108503,78.93496762,83.33108204,77.48360073,60.88888524,64.98318104
Saudi Arabia,SAU,Trade (% of GDP),NE.TRD.GNFS.ZS,57.84605836,68.16645711,63.56061208,64.59277916,69.83119598,75.08279902,81.95405315,89.94460415,94.86330036,96.10264222,84.85833511,82.54976178,84.86140367,82.85039422,81.91720991,79.56166856,69.50388386,59.90546062,61.8143106,61.95558914,60.19818942,49.71347113,57.14281933,63.51367066
Senegal,SEN,Trade (% of GDP),NE.TRD.GNFS.ZS,49.48526217,48.68008972,49.72057806,53.14429946,50.82121989,53.65920313,54.90324357,54.13623781,59.27130435,62.76176982,52.30729088,52.4578552,57.5768786,61.975304,60.62676636,58.44252898,58.11033767,54.10816921,57.70527985,61.78983948,64.23625061,60.04687161,69.12482996,79.87205906
Serbia,SRB,Trade (% of GDP),NE.TRD.GNFS.ZS,26.05756987,22.49217741,56.54781343,56.8663869,61.1703495,74.22977403,73.01692955,76.90795002,75.60519525,78.67948804,66.0218198,76.73116805,78.80903918,85.4708271,87.92027138,92.23141853,97.39576666,101.860025,107.5277191,109.4948657,111.9545975,104.7190149,117.7730709,138.6507286
Seychelles,SYC,Trade (% of GDP),NE.TRD.GNFS.ZS,88.36432792,151.3024478,179.8849149,156.9298896,168.844235,149.5409368,171.101736,177.5669355,174.9284628,208.8429685,221.8913908,198.10186,210.0096928,222.0818625,196.4292672,213.1591206,192.9968051,194.4474006,216.2366107,208.6912464,196.9723287,179.292369,235.8201936,233.0699388
Sierra Leone,SLE,Trade (% of GDP),NE.TRD.GNFS.ZS,33.7491637,57.5299629,35.93816017,38.91691225,46.44643698,46.17199974,47.5479836,42.43039377,40.89824517,40.07010046,42.0340911,51.2749041,72.34964168,85.51156263,87.45280102,83.18541376,66.27935736,75.55230522,74.4863436,56.69583413,56.19064888,51.55793775,58.39082807,88.09436882
Singapore,SGP,Trade (% of GDP),NE.TRD.GNFS.ZS,336.4848464,364.3645205,349.2921057,349.746014,377.2185643,401.5237125,420.4305129,425.3633995,394.2884719,437.3267149,358.1928118,369.6855558,379.0986314,369.2129658,367.04178,360.4673192,329.4713989,303.1365065,316.4775699,325.1973591,321.7034972,332.7738265,333.3396093,336.862489
Slovak Republic,SVK,Trade (% of GDP),NE.TRD.GNFS.ZS,97.48387761,108.7884151,121.6792915,120.3738866,125.147679,139.6503773,147.7278956,164.6262865,166.3295529,162.0708566,136.240691,153.4540512,167.9941753,176.1664778,181.3506831,178.0334967,180.188032,184.0334455,188.0591134,189.8040297,183.4934471,168.4892366,184.1806763,204.1214688
Slovenia,SVN,Trade (% of GDP),NE.TRD.GNFS.ZS,92.5418648,103.9477706,104.5340766,103.6512806,102.3246259,111.556541,120.2626178,129.7883935,137.1271482,134.7315216,113.1218717,127.4914806,139.2779063,142.3844308,143.756354,145.5497502,146.2958567,146.6577745,157.2744387,161.1424034,158.6384669,146.5862926,161.2856436,186.0268321
Small states,SST,Trade (% of GDP),NE.TRD.GNFS.ZS,103.6031212,105.232555,105.4010129,102.086756,100.8772885,101.9793474,105.8160249,108.1400519,108.0540501,108.7102799,98.60100619,103.6683646,114.9742937,119.8670917,119.3683248,115.0121094,109.8786464,105.290625,106.7271199,108.5081759,107.1910355,104.4112767,112.7201675,117.3210034
Solomon Islands,SLB,Trade (% of GDP),NE.TRD.GNFS.ZS,69.16174399,58.55232809,45.11006857,45.12751003,55.9585327,62.8108139,66.57458564,69.78922717,83.7474626,87.35328346,71.88540254,96.14800497,107.2476782,104.8236306,99.60702457,93.45400648,88.1884135,85.54959688,82.19757091,88.49467973,82.99833762,60.22033764,0,0
Somalia,SOM,Trade (% of GDP),NE.TRD.GNFS.ZS,0,0,0,0,0,0,0,0,0,0,0,0,0,0,77.16821464,76.51063904,71.94355002,71.18798924,68.08152312,75.39067337,69.57218646,76.00927092,82.0839191,95.83957495
South Africa,ZAF,Trade (% of GDP),NE.TRD.GNFS.ZS,42.25829602,46.22072174,49.17094519,53.46550163,45.72386257,45.64357522,47.4277814,53.76814127,57.12513914,65.9745238,49.58753533,50.40608716,54.63635044,55.58261719,58.87502763,59.49957406,56.72667614,55.8612575,53.53593183,54.48554513,53.89799641,50.68684334,56.08462474,65.06073542
South Sudan,SSD,Trade (% of GDP),NE.TRD.GNFS.ZS,0,0,0,0,0,0,0,0,0,97.26629732,94.83576409,90.94344837,93.22685975,71.61981139,50.81124659,64.63451781,65.55134918,0,0,0,0,0,0,0
Spain,ESP,Trade (% of GDP),NE.TRD.GNFS.ZS,54.63646695,60.08233375,57.99715546,55.09917924,53.4636891,54.52418269,54.76229758,56.17713481,57.74760376,55.98333004,46.99487433,52.92824056,58.79317104,60.84507479,61.97631572,63.83826195,64.18320514,63.73988263,66.65706087,67.57494025,66.87389052,60.11948061,67.39129012,80.53650649
Sri Lanka,LKA,Trade (% of GDP),NE.TRD.GNFS.ZS,78.75147835,88.6364417,80.89860153,76.33513178,75.33624733,79.4829449,73.60397296,71.26117849,68.60651166,63.36904361,49.14914153,0,0,0,0,0,46.91797081,46.47153703,47.1404098,49.80939675,49.42552585,37.02928909,41.2585068,46.51924575
Sudan,SDN,Trade (% of GDP),NE.TRD.GNFS.ZS,24.71436823,29.40423446,20.29334562,25.62556172,26.44022807,30.43233762,35.8715914,36.20259362,34.40333616,36.74109783,32.78087833,32.72830995,27.51233902,21.85617452,26.8585245,20.845109,18.37827285,15.28166989,17.83138983,21.86791873,26.11962046,9.955145076,4.127548638,2.698834054
Suriname,SUR,Trade (% of GDP),NE.TRD.GNFS.ZS,0,0,0,0,0,0,0,98.16819317,101.3770004,109.1668385,87.92066178,90.96139415,0,0,0,0,0,0,0,0,0,0,0,0
Sweden,SWE,Trade (% of GDP),NE.TRD.GNFS.ZS,74.89836582,81.47753193,80.58829004,77.21865071,75.24559367,78.59114958,83.7514777,88.19541348,89.16208221,92.56415043,81.50885604,84.24837719,85.7910274,85.28225106,80.81566528,82.93353169,83.72381451,82.32064509,84.93474943,89.1311984,91.43382897,83.21100287,88.24640148,102.9240812
Switzerland,CHE,Trade (% of GDP),NE.TRD.GNFS.ZS,89.8170141,97.93685621,96.03983789,91.78185086,90.33549611,95.51709446,102.2611721,106.2451548,113.3318578,116.7780001,109.7759846,120.0651233,125.5562732,126.4538605,133.6937084,120.2134234,117.1384822,123.5659245,123.6218076,124.4285043,124.1276122,121.785978,130.2561628,140.1695488
Syrian Arab Republic,SYR,Trade (% of GDP),NE.TRD.GNFS.ZS,64.30840492,65.28498612,67.3681325,71.64430768,61.54699054,78.11492859,80.13300249,74.20522659,76.37935352,74.2279601,59.94382524,64.01016469,50.69609435,35.36869033,44.70525478,54.26442252,51.08620782,67.11193653,61.05085217,50.65909911,41.99947112,48.40136218,97.85125423,0
Tajikistan,TJK,Trade (% of GDP),NE.TRD.GNFS.ZS,133.605948,175.3512061,146.6573056,138.6839688,137.669593,128.3381707,126.9946993,141.1539121,145.5280997,114.4801491,85.97813704,73.49304451,79.78424467,83.17594454,71.74374289,54.60715961,49.93781607,55.72464469,53.78610461,55.84611141,56.04501591,55.74910402,71.82593744,0
Tanzania,TZA,Trade (% of GDP),NE.TRD.GNFS.ZS,25.01345223,23.9808677,28.02050647,27.48976305,30.43836752,33.5982317,36.95927329,42.76816647,48.05839478,49.02654455,43.53260065,47.64043943,56.16612418,54.36894908,48.63162753,45.35602234,40.75768088,35.4204704,33.11259199,32.6426099,33.01858925,27.9630152,29.91518401,35.02085946
Thailand,THA,Trade (% of GDP),NE.TRD.GNFS.ZS,100.7062887,121.2979554,120.2679663,114.969743,116.6928197,127.4118737,137.8538668,134.0869462,129.873227,140.4370115,119.2694189,127.2505226,139.6754072,137.6749385,132.4622742,130.9054954,124.8396622,120.5752273,120.8914274,120.8418647,109.6895147,97.79969486,117.243431,133.8759876
Timor-Leste,TLS,Trade (% of GDP),NE.TRD.GNFS.ZS,0,175.6484648,166.6963735,180.4037443,122.3119649,107.3308196,74.67125131,98.87571938,128.7608922,135.2507603,157.6864486,134.4005217,140.7663496,128.5004933,79.63412483,82.73577734,59.89152743,59.86761375,58.1457024,64.39833115,70.80641469,84.7503111,99.89179886,97.63942806
Togo,TGO,Trade (% of GDP),NE.TRD.GNFS.ZS,67.88952808,68.66603181,72.6030501,72.87693239,78.21793233,81.71684371,86.77530133,87.00599417,61.77407211,62.30766745,62.21041999,66.79748859,77.73231266,75.71320857,82.14778776,70.91565175,69.12813788,66.44504098,58.20886025,57.57373885,56.34217403,55.0659514,54.08956771,57.83630207
Tonga,TON,Trade (% of GDP),NE.TRD.GNFS.ZS,50.52848584,52.81797903,58.23143115,73.51463384,76.0726225,76.18140665,74.70957782,66.4809746,70.44140521,68.66244614,78.13886026,73.18961042,78.78380925,78.04144153,82.94042217,74.92080958,81.4514051,84.94773533,87.96748174,87.59477361,87.16544719,85.53402289,73.36746933,0
Tunisia,TUN,Trade (% of GDP),NE.TRD.GNFS.ZS,77.90511394,82.63911067,89.55220119,85.34217597,82.39034071,86.9253447,90.25124788,93.94093041,104.059401,114.3436602,93.01687879,100.1510098,100.1063793,101.5507239,98.95495669,96.10710386,87.24853066,87.09266436,95.80919798,103.8716404,100.9360083,82.81760285,92.93525291,110.7399496
Turkiye,TUR,Trade (% of GDP),NE.TRD.GNFS.ZS,37.66492201,42.35443704,49.87147514,47.98239405,46.22509763,48.82583815,46.14235705,48.76287107,47.85081675,50.5482539,46.78706695,46.69446523,53.30417564,52.83080266,52.5272988,53.76630117,51.0885436,48.32818623,55.76216875,62.61421117,63.19329032,61.3437551,71.08244139,81.17012958
Turkmenistan,TKM,Trade (% of GDP),NE.TRD.GNFS.ZS,90.47619048,103.5803178,81.98585494,63.70468612,63.20175069,59.31996749,53.97234197,52.447301,56.27777778,94.7240752,104.9521793,96.86305584,111.0628338,109.3336526,98.59282268,91.09348296,81.29993057,62.0460847,53.57535671,50.90027264,44.2857594,35.93659385,33.05811708,0
Uganda,UGA,Trade (% of GDP),NE.TRD.GNFS.ZS,36.02471016,32.74903334,35.32997678,36.27779416,36.58572646,35.46008625,38.99428548,43.63328579,46.77741665,56.25826821,47.06387807,38.26924904,39.75522556,43.50213714,43.10915487,36.01440108,37.68929833,31.20936202,36.83705293,36.6384056,39.36105396,37.00069239,41.71363074,34.50530193
Ukraine,UKR,Trade (% of GDP),NE.TRD.GNFS.ZS,101.951707,115.7357149,99.92612762,95.99466981,102.5901823,109.9817085,94.64757011,89.18105264,88.04656067,94.17189214,87.47616262,95.72973045,104.8050739,102.6227884,94.00166945,100.6917825,107.8066163,105.5212049,104.0349829,99.19981507,90.51123429,79.15645238,82.69796136,87.70686654
United Arab Emirates,ARE,Trade (% of GDP),NE.TRD.GNFS.ZS,0,0,89.86457993,93.07165881,102.3001695,116.6226125,119.5528716,119.4706696,136.7981529,148.513544,153.4619444,138.8920969,147.392662,159.9704706,161.1004825,164.0295099,169.4762367,170.9030878,172.803425,157.9205731,167.3835649,166.5718993,0,0
United Kingdom,GBR,Trade (% of GDP),NE.TRD.GNFS.ZS,49.6314395,52.5217306,52.82161351,51.37963421,50.23952305,50.45171124,52.68071684,56.91442748,52.96435344,56.69860693,55.00438403,59.27277497,63.56540097,62.22598273,61.99911191,59.09480412,57.20354969,59.70039841,63.12165003,64.54264825,64.66513364,58.77455938,59.34864775,69.52241867
USA,USA,Trade (% of GDP),NE.TRD.GNFS.ZS,23.3135637,25.10299536,22.96718134,22.28637411,22.62731301,24.44806226,25.63855303,26.9752781,28.01201768,29.86779579,24.75953117,28.21989523,30.84248624,30.68183537,30.00795397,30.00447816,27.82356492,26.60796206,27.31302089,27.61037927,26.45063522,23.39270755,25.5556269,27.36357347
Uruguay,URY,Trade (% of GDP),NE.TRD.GNFS.ZS,33.38644895,36.71373815,36.30951264,40.02906731,51.75919958,61.47668809,58.87769633,61.97157452,59.21044784,65.20809501,53.39441927,51.6990372,53.24703401,55.06115416,49.71784647,49.08762406,45.32824081,48.47053395,46.37795599,47.91671099,49.55730525,46.0172767,54.41636108,57.19153766
Uzbekistan,UZB,Trade (% of GDP),NE.TRD.GNFS.ZS,36.61885881,44.05402998,56.77627759,58.95452471,70.45927469,76.5956692,69.52525842,67.47129217,74.41419298,79.74799203,68.6731422,49.2558698,49.64347272,44.227955,42.36690559,36.35907914,30.75050866,29.19229704,47.78465936,71.20556191,72.51832673,61.8391899,63.84829099,71.57894502
Vanuatu,VUT,Trade (% of GDP),NE.TRD.GNFS.ZS,91.23233024,87.15579178,87.77214514,91.69972369,91.56798959,98.7059775,100.1738203,89.54146181,90.1716511,105.7748526,108.4891791,103.8233122,96.99876642,104.4516297,106.4107571,105.3901561,113.0471898,109.5434852,105.5243495,98.34080895,99.38296882,62.96638679,60.46940234,68.51271019
"Venezuela, RB",VEN,Trade (% of GDP),NE.TRD.GNFS.ZS,42.07023048,47.85722155,42.14126802,48.57571065,50.57700738,55.3674556,60.12732976,58.66559156,56.19909548,51.82901238,38.52092966,46.13689352,49.6381216,50.40356738,54.27776127,48.09081353,0,0,0,0,0,0,0,0
Viet Nam,VNM,Trade (% of GDP),NE.TRD.GNFS.ZS,102.7874066,111.4170944,111.955938,116.6968687,124.3279544,133.0164979,130.714846,138.3136219,154.605384,154.3174796,134.7063177,113.977688,125.2605783,123.2241167,130.8463553,135.4105206,144.9142279,145.4095071,160.9800835,164.6639368,164.7042145,163.2458629,186.4289294,185.729987
Virgin Islands (U.S.),VIR,Trade (% of GDP),NE.TRD.GNFS.ZS,0,0,0,283.1698345,362.9683416,435.1593363,503.2068654,552.1186441,560.367893,863.195099,508.4027612,586.4014801,679.2327729,157.1777941,142.2418406,164.2917251,84.76658477,113.2964718,157.6963627,159.2403773,155.399175,114.7051802,183.1683168,0
"Yemen, Rep.",YEM,Trade (% of GDP),NE.TRD.GNFS.ZS,72.00392774,75.43883864,70.89239798,74.73045586,74.3826166,71.84667401,76.77328568,82.07616266,79.12342059,81.24471885,68.07139101,64.38563678,63.05945795,61.36163718,52.51187814,49.83717125,31.63753763,32.6462708,44.95243292,58.90227861,0,0,0,0
Zambia,ZMB,Trade (% of GDP),NE.TRD.GNFS.ZS,59.7675342,60.38746899,64.66828271,64.916497,62.31284468,70.81307493,62.20028219,57.85681887,65.77145869,59.45488912,56.12138096,67.90091903,76.21472826,79.1007045,80.45602025,76.19366309,79.86541681,73.95856125,71.58569465,74.88836953,68.79120494,79.32548782,86.20851119,69.29731542
Zimbabwe,ZWE,Trade (% of GDP),NE.TRD.GNFS.ZS,70.9226598,74.06741113,67.89787217,66.80735156,70.45198822,76.0396086,76.04370728,82.82064878,84.17290443,109.5216372,61.77843778,83.12419044,89.46652677,74.16253472,58.656494,54.67161542,56.74881111,51.21902464,50.02971226,54.5502704,55.79596099,47.31336542,50.84712837,64.95664089
,,,,,,,,,,,,,,,,,,,,,,,,,,,
,,,,,,,,,,,,,,,,,,,,,,,,,,,
,,,,,,,,,,,,,,,,,,,,,,,,,,,
,,,,,,,,,,,,,,,,,,,,,,,,,,,